{
  "images" : [
    {
      "filename" : "2D193862-A0B0-401C-9DF2-8544926FED76.jpeg",
      "idiom" : "universal",
      "platform" : "ios",
      "size" : "1024x1024"
    },
    {
      "appearances" : [
        {
          "appearance" : "luminosity",
          "value" : "dark"
        }
      ],
      "idiom" : "universal",
      "platform" : "ios",
      "size" : "1024x1024"
    },
    {
      "appearances" : [
        {
          "appearance" : "luminosity",
          "value" : "tinted"
        }
      ],
      "idiom" : "universal",
      "platform" : "ios",
      "size" : "1024x1024"
    }
  ],
  "info" : {
    "author" : "xcode",
    "version" : 1
  }
}
